<?xml version="1.0"?>
<!--<!DOCTYPE metadata SYSTEM "http://www.esri.com/metadata/esriprof80.dtd">-->
<metadata xml:lang="en"><Esri><CreaDate>20090814</CreaDate><CreaTime>14413000</CreaTime><SyncOnce>TRUE</SyncOnce><MetaID>{8D82C0D1-A93C-478B-A84E-0706B2DDE805}</MetaID></Esri><idinfo><citation><citeinfo><onlink Sync="TRUE">\\172.20.1.12\projects\Shalini-Adaptation\Adaptation_Atlas_Data\SourceData\Hales2002\Original\den20hhggax</onlink></citeinfo></citation></idinfo><distInfo><distributor><distorTran><onLineSrc><linkage Sync="TRUE">file://\\172.20.1.12\projects\Shalini-Adaptation\Adaptation_Atlas_Data\SourceData\Hales2002\Original\den20hhggax</linkage><protocol Sync="TRUE">Local Area Network</protocol></onLineSrc></distorTran></distributor></distInfo><dataqual><lineage><procstep><procdesc Sync="TRUE">Dataset moved.</procdesc><srcused Sync="TRUE">G:\Janet\RFF\Climate_adaptation\GIS_data\Original_maps_wedges\Health\Dengue\den20hhggax</srcused><date Sync="TRUE">20080609</date><time Sync="TRUE">08392700</time></procstep><procstep><procdesc Sync="TRUE">Dataset copied.</procdesc><srcused Sync="TRUE">F:\Janet\RFF\Climate_adaptation\GIS_data\Original_maps_wedges\Old\Health\Dengue\Data_notused\den20hhggax</srcused><procdate Sync="TRUE">20090413</procdate><proctime Sync="TRUE">09265600</proctime></procstep><procstep><procdesc Sync="TRUE">Dataset copied.</procdesc><srcused Sync="TRUE">F:\Incoming\den20hhggax</srcused><procdate Sync="TRUE">20090420</procdate><proctime Sync="TRUE">16433000</proctime></procstep><procstep><procdesc Sync="TRUE">Dataset copied.</procdesc><srcused Sync="TRUE">P:\Shalini-Adaptation\Adaptation_Atlas_Data\SourceData\Projected2020\Health\Hales2003Dengue\den20hhggax</srcused><procdate Sync="TRUE">20090814</procdate><proctime Sync="TRUE">14413000</proctime></procstep></lineage></dataqual></metadata>
