<?xml version="1.0" encoding="iso-8859-1"?>
<!DOCTYPE metadata SYSTEM "http://www.fgdc.gov/metadata/fgdc-std-001-1998.dtd"[]>
<metadata>
  <idinfo>
    <citation>
      <citeinfo>
        <origin>Milly, P.C.D., K.A. Dunne, and A.V. Vecchia. "Global pattern of trends in stream&#xFB02;ow and water availability in a changing climate." Nature 438(2005): 347-350. Print.</origin>
        <pubdate>Geospatial Data: Resources For the Future, November 2009</pubdate>
        <title Sync="TRUE"></title>
        <geoform Sync="TRUE"></geoform>
        <onlink Sync="FALSE"></onlink>
        <ftname Sync="TRUE"></ftname>
      </citeinfo>
    </citation>
    <descript>
      <abstract>This geospatial data layer was created for the Global Adaptation Atlas from data derived from the following study.  Study Abstract: Water availability on the continents is important for human health, economic activity, ecosystem function and geophysical processes. Because the saturation vapour pressure of water in air is highly sensitive to temperature, perturbations in the global water cycle are expected to accompany climate warming. Regional patterns of warming-induced changes in surface hydroclimate are complex and less certain than those in temperature, however, with both regional increases and decreases expected in precipitation and runoff. Here we show that an ensemble of 12 climate models exhibits qualitative and statistically significant skill in simulating observed regional patterns of twentieth-century multidecadal changes in streamflow. These models project 10&#x2013;40% increases in runoff in eastern equatorial Africa, the La Plata basin and high-latitude North America and Eurasia, and 10&#x2013;30% decreases in runoff in southern Africa, southern Europe, the Middle East and mid-latitude western North America by the year 2050. Such changes in sustainable water availability would have considerable regional-scale consequences for economies as well as ecosystems.</abstract>
      <purpose>The global community of policymakers, scientists, and citizens are faced with complex tradeoffs when choosing the most appropriate adaptation activities for their areas and communities. Even if the most severe predicted impacts of climate change are successfully averted, local changes will complicate the already-demanding tasks of finding clean water, combating disease, and sustaining livelihoods around the world. Numerous policies and funds have recently emerged to support adaptation, the process of adjusting to changing environmental conditions. Some of the largest are expected to channel billions of dollars to adaptation activities in coming decades. However, funding allocation is still controversial because of the diversity of possible responses and funding sources.

Successfully prioritizing, implementing, tracking, and evaluating adaptation activities requires extraordinary new ways of coordinating and disseminating data to understand: What are the critical impacts we need to address? What are our options for responding? Have our efforts been effectively targeted over time? 

The Global Adaptation Atlas is the primary source for dissemination of the best-available science on human impacts of climate change and data on adaptation funds and activities.</purpose>
      <langdata Sync="TRUE">en</langdata>
    </descript>
    <timeperd>
      <timeinfo>
        <sngdate>
          <caldate>2005</caldate>
        </sngdate>
      </timeinfo>
      <current>Year of study</current>
    </timeperd>
    <status>
      <progress>Complete and Final</progress>
      <update>None planned</update>
    </status>
    <spdom>
      <bounding>
        <westbc Sync="TRUE"></westbc>
        <eastbc Sync="TRUE"></eastbc>
        <northbc Sync="TRUE"></northbc>
        <southbc Sync="TRUE"></southbc>
      </bounding>
    </spdom>
    <keywords>
      <theme>
        <themekt>ACTION: [Keywords]</themekt>
        <themekey>ACTION: [Keywords]</themekey>
      </theme>
    </keywords>
    <accconst>Registration to www.adaptationatlas.org is required to access data</accconst>
    <useconst>The data should be cited according to the publication information (XML tag &lt;origin&gt;)</useconst>
    <native Sync="TRUE"></native>
    <natvform Sync="TRUE"></natvform>
  </idinfo>
  <dataqual>
    <lineage>
      <procstep>
        <procdesc>Original data was converted to an ESRI 9.3.1 Geodatabase Feature Class.</procdesc>
      </procstep>
      <procstep>
        <procdesc>The "Classification Source Attribute" (see Attributes) was classified into five classes using ESRI ArcMap software and the quantile classification method.</procdesc>
      </procstep>
      <procstep>
        <procdesc>The standard field, [Quintile], was created and values were calculated based on the classification of the "Classification Source Attribute" (see Attributes)</procdesc>
      </procstep>
      <procstep>
        <procdesc Sync="TRUE">Dataset copied.</procdesc>
        <srcused Sync="TRUE">P:\Shalini-Adaptation\Adaptation_Atlas_Data\SourceData\_NEW_LASTNAMEYYYY_\Processed\LASTNAMEYYYY_metadata</srcused>
        <procdate Sync="TRUE">20091030</procdate>
        <proctime Sync="TRUE">10184100</proctime>
      </procstep>
    </lineage>
  </dataqual>
  <spdoinfo>
    <direct Sync="TRUE"></direct>
    <ptvctinf>
      <sdtsterm Name="">
        <sdtstype Sync="TRUE"></sdtstype>
        <ptvctcnt Sync="TRUE"></ptvctcnt>
      </sdtsterm>
      <esriterm Name="">
        <efeatyp Sync="TRUE"></efeatyp>
        <efeageom Sync="TRUE"></efeageom>
        <esritopo Sync="TRUE"></esritopo>
        <efeacnt Sync="TRUE"></efeacnt>
        <spindex Sync="TRUE"></spindex>
        <linrefer Sync="TRUE"></linrefer>
      </esriterm>
    </ptvctinf>
  </spdoinfo>
  <spref>
    <horizsys>
      <geograph>
        <latres Sync="TRUE"></latres>
        <longres Sync="TRUE"></longres>
        <geogunit Sync="TRUE"></geogunit>
      </geograph>
      <geodetic>
        <horizdn Sync="TRUE"></horizdn>
        <ellips Sync="TRUE"></ellips>
        <semiaxis Sync="TRUE"></semiaxis>
        <denflat Sync="TRUE"></denflat>
      </geodetic>
      <cordsysn>
        <geogcsn Sync="TRUE"></geogcsn>
      </cordsysn>
    </horizsys>
    <vertdef>
      <altsys>
        <altres Sync="TRUE"></altres>
        <altenc Sync="TRUE"></altenc>
      </altsys>
    </vertdef>
  </spref>
  <eainfo>
    <detailed Name="">
      <enttyp>
        <enttypl Sync="TRUE"></enttypl>
        <enttypt Sync="TRUE"></enttypt>
        <enttypc Sync="TRUE"></enttypc>
      </enttyp>
    </detailed>
  </eainfo>
  <distinfo>
    <resdesc></resdesc>
    <stdorder>
      <digform>
        <digtinfo></digtinfo>
      </digform>
    </stdorder>
  </distinfo>
  <metainfo>
    <metd Sync="TRUE"></metd>
    <metc>
      <cntinfo>
        <cntorgp>
          <cntorg>Resources For the Future (www.rff.org)</cntorg>
          <cntper>Global Adaptation Atlas Team</cntper>
        </cntorgp>
        <cntaddr>
          <addrtype>1616 P Street NW</addrtype>
          <city>Washington</city>
          <state>DC</state>
          <postal>20036</postal>
        </cntaddr>
        <cntvoice>(202) 328-5000</cntvoice>
      </cntinfo>
    </metc>
    <metstdn Sync="TRUE">FGDC Content Standards for Digital Geospatial Metadata</metstdn>
    <metstdv Sync="TRUE">FGDC-STD-001-1998</metstdv>
    <mettc Sync="TRUE"></mettc>
    <metextns></metextns>
    <langmeta Sync="TRUE"></langmeta>
    <metextns>
      <onlink Sync="TRUE"></onlink>
      <metprof Sync="TRUE"></metprof>
    </metextns>
  </metainfo>
  <dataIdInfo>
    <envirDesc Sync="TRUE"></envirDesc>
    <dataLang>
      <languageCode Sync="TRUE" value=""></languageCode>
    </dataLang>
    <idCitation>
      <resTitle Sync="TRUE"></resTitle>
    </idCitation>
    <dataExt>
      <geoEle>
        <GeoBndBox esriExtentType="native">
          <westBL Sync="TRUE"></westBL>
          <eastBL Sync="TRUE"></eastBL>
          <northBL Sync="TRUE"></northBL>
          <southBL Sync="TRUE"></southBL>
          <exTypeCode Sync="TRUE"></exTypeCode>
        </GeoBndBox>
      </geoEle>
    </dataExt>
    <geoBox esriExtentType="">
      <westBL Sync="TRUE"></westBL>
      <eastBL Sync="TRUE"></eastBL>
      <northBL Sync="TRUE"></northBL>
      <southBL Sync="TRUE"></southBL>
      <exTypeCode Sync="TRUE"></exTypeCode>
    </geoBox>
  </dataIdInfo>
  <mdLang>
    <languageCode Sync="TRUE" value=""></languageCode>
  </mdLang>
  <mdStanName Sync="TRUE"></mdStanName>
  <mdStanVer Sync="TRUE"></mdStanVer>
  <mdChar>
    <CharSetCd Sync="TRUE" value=""></CharSetCd>
  </mdChar>
  <mdHrLv>
    <ScopeCd Sync="TRUE" value=""></ScopeCd>
  </mdHrLv>
  <mdHrLvName Sync="TRUE"></mdHrLvName>
  <distInfo>
    <distributor>
      <distorTran>
        <onLineSrc>
          <orDesc Sync="TRUE"></orDesc>
          <linkage Sync="TRUE">file://\\RFF-FS1.rff.org\projects\Shalini-Adaptation\Adaptation_Atlas_Data\SourceData\Milly2005\Processed\LASTNAMEYYYY_metadata</linkage>
          <protocol Sync="TRUE">Local Area Network</protocol>
        </onLineSrc>
      </distorTran>
      <distorFormat>
        <formatName Sync="TRUE"></formatName>
      </distorFormat>
    </distributor>
  </distInfo>
  <refSysInfo>
    <RefSystem>
      <refSysID>
        <identCode Sync="TRUE"></identCode>
      </refSysID>
    </RefSystem>
  </refSysInfo>
  <spatRepInfo>
    <VectSpatRep>
      <topLvl>
        <TopoLevCd Sync="TRUE" value=""></TopoLevCd>
      </topLvl>
      <geometObjs Name="">
        <geoObjTyp>
          <GeoObjTypCd Sync="TRUE" value=""></GeoObjTypCd>
        </geoObjTyp>
        <geoObjCnt Sync="TRUE"></geoObjCnt>
      </geometObjs>
    </VectSpatRep>
  </spatRepInfo>
  <mdDateSt Sync="TRUE"></mdDateSt>
  <Esri>
    <CreaDate>20091030</CreaDate>
    <CreaTime>10184100</CreaTime>
    <SyncOnce>TRUE</SyncOnce>
    <MetaID>{B60D3958-3244-4FA2-AF16-C4D1A96D065D}</MetaID>
  </Esri>
</metadata>