<?xml version="1.0"?>
<!--<!DOCTYPE metadata SYSTEM "http://www.esri.com/metadata/esriprof80.dtd">-->
<metadata xml:lang="en"><Esri><CreaDate>20090814</CreaDate><CreaTime>13405800</CreaTime><SyncOnce>TRUE</SyncOnce><MetaID>{6C4E1EA2-35C4-4E3F-AAD2-3F3AED3DB3CF}</MetaID></Esri><idinfo><citation><citeinfo><onlink Sync="TRUE">\\172.20.1.12\projects\Shalini-Adaptation\Adaptation_Atlas_Data\SourceData\Hales2002\Original\den6190</onlink></citeinfo></citation></idinfo><distInfo><distributor><distorTran><onLineSrc><linkage Sync="TRUE">file://\\172.20.1.12\projects\Shalini-Adaptation\Adaptation_Atlas_Data\SourceData\Hales2002\Original\den6190</linkage><protocol Sync="TRUE">Local Area Network</protocol></onLineSrc></distorTran></distributor></distInfo><dataqual><lineage><procstep><procdesc Sync="TRUE">Dataset moved.</procdesc><srcused Sync="TRUE">G:\Janet\RFF\Climate_adaptation\GIS_data\Original_maps_wedges\Health\Dengue\den6190</srcused><date Sync="TRUE">20080606</date><time Sync="TRUE">12564300</time></procstep><procstep><procdesc Sync="TRUE">Dataset copied.</procdesc><srcused Sync="TRUE">G:\Janet\RFF\Climate_adaptation\Adaptation_Atlas_Data\Consolidate_data\Health\Hales_Dengue\Original\Baseline_1961_1990\den6190</srcused><procdate Sync="TRUE">20090210</procdate><proctime Sync="TRUE">19423000</proctime></procstep><procstep><procdesc Sync="TRUE">Dataset copied.</procdesc><srcused Sync="TRUE">G:\Janet\RFF\Climate_adaptation\Adaptation_Atlas_Data\Consolidate_data\Vector\Health\Historic_base\Hales\den6190</srcused><procdate Sync="TRUE">20090210</procdate><proctime Sync="TRUE">19444000</proctime></procstep><procstep><procdesc Sync="TRUE">Dataset copied.</procdesc><srcused Sync="TRUE">A:\Adaptation_Atlas_Data\OLD_Consolidate_data\Raster\Health\Historic_base\Hales\den6190</srcused><procdate Sync="TRUE">20090417</procdate><proctime Sync="TRUE">17164800</proctime></procstep><procstep><procdesc Sync="TRUE">Dataset copied.</procdesc><srcused Sync="TRUE">P:\Shalini-Adaptation\Adaptation_Atlas_Data\SourceData\Hales2002\Processed\den6190</srcused><procdate Sync="TRUE">20090814</procdate><proctime Sync="TRUE">13405800</proctime></procstep></lineage></dataqual></metadata>
