<?xml version="1.0"?>
<!--<!DOCTYPE metadata SYSTEM "http://www.esri.com/metadata/esriprof80.dtd">-->
<metadata xml:lang="en"><Esri><CreaDate>20090814</CreaDate><CreaTime>09151700</CreaTime><SyncOnce>TRUE</SyncOnce><MetaID>{83ACE062-30B4-43FB-B16B-1FC3F314A86E}</MetaID></Esri><idinfo><citation><citeinfo><onlink Sync="TRUE">\\172.20.1.12\projects\Shalini-Adaptation\Adaptation_Atlas_Data\SourceData\Alcamo2003\Original\watergap_waterstress</onlink></citeinfo></citation></idinfo><distInfo><distributor><distorTran><onLineSrc><linkage Sync="TRUE">file://\\172.20.1.12\projects\Shalini-Adaptation\Adaptation_Atlas_Data\SourceData\Alcamo2003\Original\watergap_waterstress</linkage><protocol Sync="TRUE">Local Area Network</protocol></onLineSrc></distorTran></distributor></distInfo><dataqual><lineage><procstep><procdesc Sync="TRUE">Dataset copied.</procdesc><srcused Sync="TRUE">F:\Janet\RFF\Climate_adaptation\GIS_data\Original_maps_wedges\Old\Water\Millennium_E_Assess\watergap_waterstress</srcused><procdate Sync="TRUE">20090814</procdate><proctime Sync="TRUE">09151700</proctime></procstep></lineage></dataqual></metadata>
