<?xml version="1.0"?>
<!--<!DOCTYPE metadata SYSTEM "http://www.esri.com/metadata/esriprof80.dtd">-->
<metadata xml:lang="en"><Esri><CreaDate>20090814</CreaDate><CreaTime>09175600</CreaTime><SyncOnce>TRUE</SyncOnce><MetaID>{D8FD1904-01EF-4BD6-8EBA-79EFD1C17C9C}</MetaID></Esri><idinfo><citation><citeinfo><onlink Sync="TRUE">\\172.20.1.12\projects\Shalini-Adaptation\Adaptation_Atlas_Data\SourceData\Amelung2007\Original\1970s_mos_original</onlink></citeinfo></citation></idinfo><distInfo><distributor><distorTran><onLineSrc><linkage Sync="TRUE">file://\\172.20.1.12\projects\Shalini-Adaptation\Adaptation_Atlas_Data\SourceData\Amelung2007\Original\1970s_mos_original</linkage><protocol Sync="TRUE">Local Area Network</protocol></onLineSrc></distorTran></distributor></distInfo><dataqual><lineage><procstep><procdesc Sync="TRUE">Dataset copied.</procdesc><srcused Sync="TRUE">F:\Janet\RFF\Climate_adaptation\GIS_data\Original_maps_wedges\Old\Tourism\Number_good_months_from_TCI\1970s_mos</srcused><procdate Sync="TRUE">20090413</procdate><proctime Sync="TRUE">09404600</proctime></procstep><procstep><procdesc Sync="TRUE">Dataset copied.</procdesc><srcused Sync="TRUE">H:\Incoming\1970s_mos</srcused><procdate Sync="TRUE">20090413</procdate><proctime Sync="TRUE">09440600</proctime></procstep><procstep><procdesc Sync="TRUE">Dataset copied.</procdesc><srcused Sync="TRUE">P:\Shalini-Adaptation\Adaptation_Atlas_Data\OLD_Consolidate_data\Working\JN_13_April_09\1970s_mos</srcused><procdate Sync="TRUE">20090413</procdate><proctime Sync="TRUE">09460400</proctime></procstep><procstep><procdesc Sync="TRUE">Dataset copied.</procdesc><srcused Sync="TRUE">P:\Shalini-Adaptation\Adaptation_Atlas_Data\SourceData\Amelung2007\Processed\1970s_mos_original</srcused><procdate Sync="TRUE">20090814</procdate><proctime Sync="TRUE">09175600</proctime></procstep></lineage></dataqual></metadata>
