<?xml version="1.0"?>
<!--<!DOCTYPE metadata SYSTEM "http://www.esri.com/metadata/esriprof80.dtd">-->
<metadata xml:lang="en"><Esri><CreaDate>20090814</CreaDate><CreaTime>09204000</CreaTime><SyncOnce>FALSE</SyncOnce><MetaID>{827B0EEC-AB8F-4C85-80A4-2EC2297F05CD}</MetaID><SyncDate>20091029</SyncDate><SyncTime>13071400</SyncTime><ModDate>20091029</ModDate><ModTime>13071400</ModTime></Esri><idinfo><citation><citeinfo><onlink Sync="TRUE">\\RFF-FS1.rff.org\projects\Shalini-Adaptation\Adaptation_Atlas_Data\SourceData\Amelung2007\Original\2080s_mos_original.shp</onlink><origin>REQUIRED: The name of an organization or individual that developed the data set.</origin><pubdate>REQUIRED: The date when the data set is published or otherwise made available for release.</pubdate><title Sync="TRUE">2080s_mos_original</title><ftname Sync="TRUE">2080s_mos_original</ftname><geoform Sync="TRUE">vector digital data</geoform></citeinfo></citation><native Sync="TRUE">Microsoft Windows XP Version 5.1 (Build 2600) Service Pack 3; ESRI ArcCatalog 9.3.1.3000</native><descript><langdata Sync="TRUE">en</langdata><abstract>REQUIRED: A brief narrative summary of the data set.</abstract><purpose>REQUIRED: A summary of the intentions with which the data set was developed.</purpose></descript><timeperd><current>REQUIRED: The basis on which the time period of content information is determined.</current><timeinfo><sngdate><caldate>REQUIRED: The year (and optionally month, or month and day) for which the data set corresponds to the ground.</caldate></sngdate></timeinfo></timeperd><status><progress>REQUIRED: The state of the data set.</progress><update>REQUIRED: The frequency with which changes and additions are made to the data set after the initial data set is completed.</update></status><spdom><bounding><westbc Sync="TRUE">-179.750000</westbc><eastbc Sync="TRUE">179.750000</eastbc><northbc Sync="TRUE">83.250000</northbc><southbc Sync="TRUE">-55.750000</southbc></bounding><lboundng><leftbc Sync="TRUE">-179.750000</leftbc><rightbc Sync="TRUE">179.750000</rightbc><bottombc Sync="TRUE">-55.750000</bottombc><topbc Sync="TRUE">83.250000</topbc></lboundng></spdom><keywords><theme><themekt>REQUIRED: Reference to a formally registered thesaurus or a similar authoritative source of theme keywords.</themekt><themekey>REQUIRED: Common-use word or phrase used to describe the subject of the data set.</themekey></theme></keywords><accconst>REQUIRED: Restrictions and legal prerequisites for accessing the data set.</accconst><useconst>REQUIRED: Restrictions and legal prerequisites for using the data set after access is granted.</useconst><natvform Sync="TRUE">Shapefile</natvform></idinfo><distInfo><distributor><distorTran><onLineSrc><linkage Sync="TRUE">file://\\RFF-FS1.rff.org\projects\Shalini-Adaptation\Adaptation_Atlas_Data\SourceData\Amelung2007\Original\2080s_mos_original.shp</linkage><protocol Sync="TRUE">Local Area Network</protocol><orDesc Sync="TRUE">002</orDesc></onLineSrc><transSize Sync="TRUE">1.646</transSize></distorTran><distorFormat><formatName Sync="TRUE">Shapefile</formatName></distorFormat></distributor></distInfo><dataqual><lineage><procstep><procdesc Sync="TRUE">Dataset copied.</procdesc><srcused Sync="TRUE">F:\Janet\RFF\Climate_adaptation\GIS_data\Original_maps_wedges\Old\Tourism\Number_good_months_from_TCI\2080s_mos</srcused><procdate Sync="TRUE">20090413</procdate><proctime Sync="TRUE">09404800</proctime></procstep><procstep><procdesc Sync="TRUE">Dataset copied.</procdesc><srcused Sync="TRUE">H:\Incoming\2080s_mos</srcused><procdate Sync="TRUE">20090413</procdate><proctime Sync="TRUE">09440700</proctime></procstep><procstep><procdesc Sync="TRUE">Dataset copied.</procdesc><srcused Sync="TRUE">P:\Shalini-Adaptation\Adaptation_Atlas_Data\OLD_Consolidate_data\Working\JN_13_April_09\2080s_mos</srcused><procdate Sync="TRUE">20090413</procdate><proctime Sync="TRUE">09471900</proctime></procstep><procstep><procdesc Sync="TRUE">Dataset copied.</procdesc><srcused Sync="TRUE">P:\Shalini-Adaptation\Adaptation_Atlas_Data\SourceData\Projected2080\Livelihood\Amelung2007Tourism\2080s_mos_original</srcused><procdate Sync="TRUE">20090814</procdate><proctime Sync="TRUE">09204000</proctime></procstep></lineage></dataqual><dataIdInfo><envirDesc Sync="TRUE">Microsoft Windows XP Version 5.1 (Build 2600) Service Pack 3; ESRI ArcCatalog 9.3.1.3000</envirDesc><dataLang><languageCode Sync="TRUE" value="en"></languageCode></dataLang><idCitation><resTitle Sync="TRUE">2080s_mos_original</resTitle><presForm><PresFormCd Sync="TRUE" value="005"></PresFormCd></presForm></idCitation><spatRpType><SpatRepTypCd Sync="TRUE" value="001"></SpatRepTypCd></spatRpType><dataExt><geoEle><GeoBndBox esriExtentType="native"><westBL Sync="TRUE">-179.75</westBL><eastBL Sync="TRUE">179.75</eastBL><northBL Sync="TRUE">83.25</northBL><southBL Sync="TRUE">-55.75</southBL><exTypeCode Sync="TRUE">1</exTypeCode></GeoBndBox></geoEle></dataExt><geoBox esriExtentType="decdegrees"><westBL Sync="TRUE">-179.75</westBL><eastBL Sync="TRUE">179.75</eastBL><northBL Sync="TRUE">83.25</northBL><southBL Sync="TRUE">-55.75</southBL><exTypeCode Sync="TRUE">1</exTypeCode></geoBox></dataIdInfo><metainfo><langmeta Sync="TRUE">en</langmeta><metstdn Sync="TRUE">FGDC Content Standards for Digital Geospatial Metadata</metstdn><metstdv Sync="TRUE">FGDC-STD-001-1998</metstdv><mettc Sync="TRUE">local time</mettc><metextns><onlink Sync="TRUE">http://www.esri.com/metadata/esriprof80.html</onlink><metprof Sync="TRUE">ESRI Metadata Profile</metprof></metextns><metc><cntinfo><cntorgp><cntper>REQUIRED: The person responsible for the metadata information.</cntper><cntorg>REQUIRED: The organization responsible for the metadata information.</cntorg></cntorgp><cntaddr><addrtype>REQUIRED: The mailing and/or physical address for the organization or individual.</addrtype><city>REQUIRED: The city of the address.</city><state>REQUIRED: The state or province of the address.</state><postal>REQUIRED: The ZIP or other postal code of the address.</postal></cntaddr><cntvoice>REQUIRED: The telephone number by which individuals can speak to the organization or individual.</cntvoice></cntinfo></metc><metd Sync="TRUE">20091029</metd></metainfo><mdLang><languageCode Sync="TRUE" value="en"></languageCode></mdLang><mdStanName Sync="TRUE">ISO 19115 Geographic Information - Metadata</mdStanName><mdStanVer Sync="TRUE">DIS_ESRI1.0</mdStanVer><mdChar><CharSetCd Sync="TRUE" value="004"></CharSetCd></mdChar><mdHrLv><ScopeCd Sync="TRUE" value="005"></ScopeCd></mdHrLv><mdHrLvName Sync="TRUE">dataset</mdHrLvName><distinfo><resdesc Sync="TRUE">Downloadable Data</resdesc><stdorder><digform><digtinfo><transize Sync="TRUE">1.646</transize><dssize Sync="TRUE">1.646</dssize></digtinfo></digform></stdorder></distinfo><spdoinfo><direct Sync="TRUE">Vector</direct><ptvctinf><esriterm Name="2080s_mos_original"><efeatyp Sync="TRUE">Simple</efeatyp><efeageom Sync="TRUE">Point</efeageom><esritopo Sync="TRUE">FALSE</esritopo><efeacnt Sync="TRUE">61644</efeacnt><spindex Sync="TRUE">FALSE</spindex><linrefer Sync="TRUE">FALSE</linrefer></esriterm><sdtsterm Name="2080s_mos_original"><sdtstype Sync="TRUE">Entity point</sdtstype><ptvctcnt Sync="TRUE">61644</ptvctcnt></sdtsterm></ptvctinf></spdoinfo><spref><horizsys><cordsysn><geogcsn Sync="TRUE">GCS_WGS_1984</geogcsn></cordsysn><geograph><geogunit Sync="TRUE">Decimal degrees</geogunit><latres Sync="TRUE">0.000000</latres><longres Sync="TRUE">0.000000</longres></geograph><geodetic><horizdn Sync="TRUE">D_WGS_1984</horizdn><ellips Sync="TRUE">WGS_1984</ellips><semiaxis Sync="TRUE">6378137.000000</semiaxis><denflat Sync="TRUE">298.257224</denflat></geodetic></horizsys></spref><refSysInfo><RefSystem><refSysID><identCode Sync="TRUE">GCS_WGS_1984</identCode></refSysID></RefSystem></refSysInfo><spatRepInfo><VectSpatRep><topLvl><TopoLevCd Sync="TRUE" value="001"></TopoLevCd></topLvl><geometObjs Name="2080s_mos_original"><geoObjTyp><GeoObjTypCd Sync="TRUE" value="004"></GeoObjTypCd></geoObjTyp><geoObjCnt Sync="TRUE">61644</geoObjCnt></geometObjs></VectSpatRep></spatRepInfo><eainfo><detailed Name="2080s_mos_original"><enttyp><enttypl Sync="TRUE">2080s_mos_original</enttypl><enttypt Sync="TRUE">Feature Class</enttypt><enttypc Sync="TRUE">61644</enttypc></enttyp><attr><attrlabl Sync="TRUE">FID</attrlabl><attalias Sync="TRUE">FID</attalias><attrtype Sync="TRUE">OID</attrtype><attwidth Sync="TRUE">4</attwidth><atprecis Sync="TRUE">0</atprecis><attscale Sync="TRUE">0</attscale><attrdef Sync="TRUE">Internal feature number.</attrdef><attrdefs Sync="TRUE">ESRI</attrdefs><attrdomv><udom Sync="TRUE">Sequential unique whole numbers that are automatically generated.</udom></attrdomv></attr><attr><attrlabl Sync="TRUE">Shape</attrlabl><attalias Sync="TRUE">Shape</attalias><attrtype Sync="TRUE">Geometry</attrtype><attwidth Sync="TRUE">0</attwidth><atprecis Sync="TRUE">0</atprecis><attscale Sync="TRUE">0</attscale><attrdef Sync="TRUE">Feature geometry.</attrdef><attrdefs Sync="TRUE">ESRI</attrdefs><attrdomv><udom Sync="TRUE">Coordinates defining the features.</udom></attrdomv></attr><attr><attrlabl Sync="TRUE">FIELD1</attrlabl><attalias Sync="TRUE">FIELD1</attalias><attrtype Sync="TRUE">Number</attrtype><attwidth Sync="TRUE">20</attwidth><atnumdec Sync="TRUE">5</atnumdec></attr><attr><attrlabl Sync="TRUE">FIELD2</attrlabl><attalias Sync="TRUE">FIELD2</attalias><attrtype Sync="TRUE">Number</attrtype><attwidth Sync="TRUE">20</attwidth><atnumdec Sync="TRUE">5</atnumdec></attr><attr><attrlabl Sync="TRUE">FIELD3</attrlabl><attalias Sync="TRUE">FIELD3</attalias><attrtype Sync="TRUE">Number</attrtype><attwidth Sync="TRUE">20</attwidth><atnumdec Sync="TRUE">5</atnumdec></attr></detailed></eainfo><mdDateSt Sync="TRUE">20091029</mdDateSt></metadata>
