<?xml version="1.0"?>
<!--<!DOCTYPE metadata SYSTEM "http://www.esri.com/metadata/esriprof80.dtd">-->
<metadata xml:lang="en"><Esri><CreaDate>20090814</CreaDate><CreaTime>13423100</CreaTime><SyncOnce>TRUE</SyncOnce><MetaID>{A87729A7-EA89-46E1-8DC2-211901EA7254}</MetaID></Esri><idinfo><citation><citeinfo><onlink Sync="TRUE">\\172.20.1.12\projects\Shalini-Adaptation\Adaptation_Atlas_Data\SourceData\Hales2002\Original\den80hhggax</onlink></citeinfo></citation></idinfo><distInfo><distributor><distorTran><onLineSrc><linkage Sync="TRUE">file://\\172.20.1.12\projects\Shalini-Adaptation\Adaptation_Atlas_Data\SourceData\Hales2002\Original\den80hhggax</linkage><protocol Sync="TRUE">Local Area Network</protocol></onLineSrc></distorTran></distributor></distInfo><dataqual><lineage><procstep><procdesc Sync="TRUE">Dataset copied.</procdesc><srcused Sync="TRUE">N:\Shalini-Adaptation\Dengue\den80hhggax</srcused><date Sync="TRUE">20080304</date><time Sync="TRUE">10481200</time></procstep><procstep><procdesc Sync="TRUE">Dataset copied.</procdesc><srcused Sync="TRUE">E:\Janet\RFF\Climate_adaptation\GIS_data\Health\den80hhggax</srcused><date Sync="TRUE">20080304</date><time Sync="TRUE">10522400</time></procstep><procstep><procdesc Sync="TRUE">Dataset moved.</procdesc><srcused Sync="TRUE">G:\Janet\RFF\Climate_adaptation\GIS_data\Original_maps_wedges\Health\Dengue\den80hhggax</srcused><date Sync="TRUE">20080609</date><time Sync="TRUE">08393100</time></procstep><procstep><procdesc Sync="TRUE">Dataset copied.</procdesc><srcused Sync="TRUE">G:\Janet\RFF\Climate_adaptation\GIS_data\Original_maps_wedges\Health\Dengue\Data_notused\den80hhggax</srcused><date Sync="TRUE">20080609</date><time Sync="TRUE">08394700</time></procstep><procstep><procdesc Sync="TRUE">Dataset moved.</procdesc><srcused Sync="TRUE">E:\Janet\RFF_forPdrive\GIS_data\Health\Dengue\den80hhggax</srcused><date Sync="TRUE">20080916</date><time Sync="TRUE">16310400</time></procstep><procstep><procdesc Sync="TRUE">Dataset moved.</procdesc><srcused Sync="TRUE">E:\Janet\RFF_forPdrive\GIS_data\Health\Dengue\Original\den80hhggax</srcused><date Sync="TRUE">20080916</date><time Sync="TRUE">16312900</time></procstep><procstep><procdesc Sync="TRUE">Dataset copied.</procdesc><srcused Sync="TRUE">G:\Janet\RFF\Climate_adaptation\Adaptation_Atlas_Data\Consolidate_data\Health\Hales_Dengue\Original\2080\den80hhggax</srcused><procdate Sync="TRUE">20090210</procdate><proctime Sync="TRUE">19425800</proctime></procstep><procstep><procdesc Sync="TRUE">Dataset copied.</procdesc><srcused Sync="TRUE">A:\Adaptation_Atlas_Data\OLD_Consolidate_data\Raster\Health\Projected\Hales\den80hhggax</srcused><procdate Sync="TRUE">20090420</procdate><proctime Sync="TRUE">15234800</proctime></procstep><procstep><procdesc Sync="TRUE">Dataset copied.</procdesc><srcused Sync="TRUE">P:\Shalini-Adaptation\Adaptation_Atlas_Data\SourceData\Projected2080\Health\Hales2003Dengue\den80hhggax</srcused><procdate Sync="TRUE">20090814</procdate><proctime Sync="TRUE">13423100</proctime></procstep></lineage></dataqual></metadata>
